<?xml version="1.0" encoding="UTF-8"?>
<?xml-model href="http://www.kode1100.co.uk/dk/dk-schema/common/dk-extensions.rnc"?>
<book xmlns="http://docbook.org/ns/docbook" xmlns:xlink="http://www.w3.org/1999/xlink" version="5.0" xml:id="BIRD"><!-- please take care to specify the correct schema, we are also, for simplicity using docbook namespace, these two issues are explained step by step in http://www.kode1100.co.uk/dk/docs/dk-GettingStarted.html -->
    <title>Bird <emphasis role="subtitle">The Definitive Visual Guide</emphasis></title>
    <!-- Text removed for sample purposes -->
    <chapter xml:id="BIRD022-067INTROD">
        <title xml:id="BIRD022INTROD_001">Introduction</title>
    <section xml:id="BIRD060MIGROU" role="article">
        <title xml:id="BIRD060MIGROU_001">Migration Routes</title>
        <para xml:id="BIRD060MIGROU_002" role="intro">
            <phrase role="leadin">Migration routes have evolved</phrase> over millions of years.
            Few are the shortest paths from A to B. Instead, migration routes are shaped by
            factors which vary from one species to another. Some birds migrate non-stop, flying
            straight over deserts and other obstacles. Others follow landmarks such as rivers
            and coasts, and need frequent refuelling breaks. Seabirds roam the ocean, but their
            routes are influenced by currents and wind direction. All these differences create a
            complex web of migration routes that stretches across the globe.</para>
        <mediaobject xml:id="BIRD060MIGROU_003" role="map">
            <imageobject xml:id="BIRD060MIGROU_004">
                <imagedata fileref="bird060migrou_003.jpg"/>
            </imageobject>
            <caption xml:id="BIRD060MIGROU_005">
                <variablelist role="key" xml:id="BIRD060MIGROU_002_001" xreflabel="Key to routes"> <!-- note the role="key" as per spec-->
                    <varlistentry xml:id="BIRD060MIGROU_002_002">
                        <term>American Golden Plover</term>
                        <listitem><mediaobject><imageobject><imagedata fileref="sq_olive.gif"/></imageobject></mediaobject></listitem><!-- a file reference to green/olive rectangle -->
                    </varlistentry>
                    <varlistentry xml:id="BIRD060MIGROU_002_003">
                        <term>Rufous Hummingbird</term>
                        <listitem><mediaobject><imageobject><imagedata fileref="sq_violet.gif"/></imageobject></mediaobject></listitem>
                    </varlistentry>
                    <!-- Text removed for sample purposes -->
                </variablelist>
                <formalpara>
                    <title xml:id="BIRD060MIGROU_006">Migration in action</title>
                    <para xml:id="BIRD060MIGROU_007">This map shows the flight paths of eight
                        long-distance migrant species. The distances shown in the text boxes are
                        maximum values for a complete round trip.</para>
                    
                </formalpara>
                
            </caption>
            
        </mediaobject>
        <!-- Text removed for sample purposes -->
        
        <section xml:id="BIRD060RUFHUM" role="entry">
           
            <title xml:id="BIRD060RUFHUM_001">Rufous Hummingbird</title>
            <subtitle role="latin_name" xml:id="BIRD060RUFHUM_002">Selasphorus rufus</subtitle> <!-- Is emphasis role="italic" needed for the subtitle? NO but use role="latin_name"-->
            
            
            <simplelist xml:id="BIRD060RUFHUM_003" role="dataset">
                <member xml:id="BIRD060RUFHUM_004" metaref="breeding_range">Northwestern North
                    America</member>
                <member xml:id="BIRD060RUFHUM_005" metaref="non-breeding_range">Southeastern
                    USA, Mexico</member>
                <member xml:id="BIRD060RUFHUM_006" metaref="migration_distance"
                    condition="metric" cref="BIRD060RUFHUM_003_COND1">
                    
                    <phrase role="distance" condition="metric" xml:id="BIRD060RUFHUM_003_COND1">6000</phrase><phrase role="unit" condition="metric">cm</phrase>
                    <phrase role="distance" condition="metric">3700</phrase><phrase role="unit" condition="imperial">miles</phrase>
                    <phrase condition="dig"> (For more information, see <link linkend="BIRD060MIGROU_003"
                            >Route Map</link>)</phrase>
                    <xref xlink:href="BIRD060MIGROU_002_003" role="keyref"/> <!-- cross ref to key entry -->
                </member>
               
                
            </simplelist>
            <!-- How should the fraction be captured here? - that's how - Lech -->
            <para xml:id="BIRD060RUFHUM_008" role="description">This tiny migrant, only
                <phrase role="animal_length" condition="metric" xml:id="BIRD060RUFHUM_008_001">9</phrase><phrase role="unit" condition="metric">cm</phrase>
                <phrase role="animal_length" condition="imperial" cref="BIRD060RUFHUM_008_001">3<phrase role="fraction">1/2</phrase></phrase><phrase role="unit" condition="imperial">in</phrase>
                long and weighing less than
                <phrase role="animal_weight" condition="metric" xml:id="BIRD060RUFHUM_008_002">3.5</phrase><phrase role="unit" condition="metric">g</phrase>
                <phrase role="animal_weight" condition="imperial" cref="BIRD060RUFHUM_008_002"><phrase role="fraction">1/8</phrase></phrase><phrase role="unit" condition="imperial">oz</phrase>, has the longest
                migration route and breeds further north than any other American hummingbird.
                Its summer range extends as far as Alaska’s Kenai Peninsula, just 750km (470
                miles) from the Arctic Circle. During the northward migration, the males arrive
                first, setting up their feeding territories.</para>
            <mediaobject xml:id="BIRD060RUFHUM_009">
                <imageobject xml:id="BIRD060RUFHUM_010">
                    <imagedata fileref="bird060rufhum_009.jpg"/>
                </imageobject>
            </mediaobject>
        </section>
        <!-- Text removed for sample purposes -->
        
    </section>
        <section>
            <title></title>
            <figure xml:id="BIRD205KRUNAT_020" role="what_to_spot"><!-- use role until a taxonomy is devices, no need to use metaref until there is some consistency about the vlaues and how they fit in a bigger picture -->
                <title xml:id="BIRD205KRUNAT_021">What to spot</title>
                <mediaobject xml:id="BIRD205KRUNAT_022">
                    <imageobject xml:id="BIRD205KRUNAT_023">
                        <imagedata fileref="bird205krunat_022.jpg"/>
                    </imageobject>
                    <caption xml:id="BIRD205KRUNAT_024">
                        <!-- Note that the first is the common name and the one in italics is the scientific name. Earlier the common name had been treated as the head while the scientific name was a para. We have combined the two paras into one since the common name is not the head -->
                        <para xml:id="BIRD205KRUNAT_025">White-fronted bee-eater <emphasis
                            role="latin_name">Merops bullockoides</emphasis></para>
                    </caption>
                </mediaobject>
                <mediaobject xml:id="BIRD205KRUNAT_026">
                    <imageobject xml:id="BIRD205KRUNAT_027">
                        <imagedata fileref="bird205krunat_026.jpg"/>
                    </imageobject>
                    <caption xml:id="BIRD205KRUNAT_028">
                        <para xml:id="BIRD205KRUNAT_029">Purple-crested Turaco <emphasis
                            role="latin_name">Tauraco porphyreolophus</emphasis> (see <phrase
                                condition="dig" xml:id="BIRD205KRUNAT_028_COND1">
                                <link linkend="BIRD273PURTUR">Purple-crested Turaco</link>
                            </phrase>
                            <phrase role="prt" cref="BIRD205KRUNAT_028_COND1">
                                <link linkend="BIRD273PURTUR">p.273</link>
                            </phrase>)</para>
                    </caption>
                </mediaobject>
                <mediaobject xml:id="BIRD205KRUNAT_030">
                    <imageobject xml:id="BIRD205KRUNAT_031">
                        <imagedata fileref="bird205krunat_030.jpg"/>
                    </imageobject>
                    <caption xml:id="BIRD205KRUNAT_032">
                        <para xml:id="BIRD205KRUNAT_033">Natal Spurfowl <emphasis role="latin_name"
                            >Pternistis natalensis</emphasis></para>
                    </caption>
                </mediaobject>
                <mediaobject xml:id="BIRD205KRUNAT_034">
                    <imageobject xml:id="BIRD205KRUNAT_035">
                        <imagedata fileref="bird205krunat_034.jpg"/>
                    </imageobject>
                    <caption xml:id="BIRD205KRUNAT_036">
                        <para xml:id="BIRD205KRUNAT_037">Saddle-billed Stork <emphasis
                            role="latin_name">Ephippiorhynchus senegalensis</emphasis> (see
                            <phrase condition="dig" xml:id="BIRD205KRUNAT_036_COND1">
                                <link linkend="BIRD159SADSTO">Saddle-billed Stork</link>
                            </phrase>
                            <phrase condition="prt" cref="BIRD205KRUNAT_036_COND1">
                                <link linkend="BIRD159SADSTO">p.159</link>
                            </phrase>)</para>
                    </caption>
                </mediaobject>
            </figure>
        </section>
        
        <!-- Text removed for sample purposes -->
        <!-- entries for cross-ref (for validating the file) -->
        <section xml:id="BIRD273PURTUR" role="entry">
            <title xml:id="BIRD273PURTUR_001">Purple-crested Turaco</title>
            <para/>
        </section>
        <section xml:id="BIRD159SADSTO" role="entry">
            <title xml:id="BIRD159SADSTO_001">Saddle-billed Stork</title>
            <para/>
        </section>
        <!-- Text removed for sample purposes -->
    </chapter>
</book>
